scenario_id,P80,fines_frac,oversize_frac,R95,R50_fines,R50_oversize
0,132.60624747553533,0.13424127810451275,0.3215198132113183,990.4056376844802,858.4312051450122,454.1920815949376
1,112.70748745250472,0.048784506666903524,0.1428071264254237,194.2886751544848,236.78606352292326,107.35016178433963
2,97.18279929393391,0.1872636300286284,0.11815170868732189,981.3782865269791,840.0968312426785,452.7068304967652
3,155.20417419533925,0.008579121908247365,0.46760460800533055,621.9855374566391,588.6668388608974,294.2144571701864
4,134.7336924488788,0.0667225662489994,0.36868803362157887,214.61689950106836,249.3386745627335,95.24867797820434
5,184.62522100836375,0.007570096502951517,0.6003867942744735,393.10676785713827,480.2381402418945,222.12095980110968
6,180.939699588279,0.005939063591370573,0.6669992535497345,531.9251516675149,546.9195362955422,265.56535297086987
7,215.73117371762442,0.005307109836818715,0.763019428925277,71.36588130957333,181.78398098390323,67.77172617772207
8,177.38501262430282,0.005911977464041266,0.6449329294734887,396.622892888119,520.8172031217498,227.51435511906388
9,149.38454628005292,0.009039657212731629,0.3702862934632166,667.7122300902465,592.272942357712,311.96759599959256
10,120.09019856872794,0.12651669137444038,0.26086040529688825,1037.503419618492,834.5779860306852,464.3714063866274
11,162.99766531963502,0.007688903295165313,0.5328240222344863,111.1974618904154,192.8915816209182,76.02147620169245
12,129.68981328412366,0.09001476061341682,0.3234207244279816,964.8162983304132,821.5734226862016,403.69032234667986
13,182.68259731781677,0.007440112470041637,0.591226283991521,420.33467648787985,573.6727709049619,246.35096377168867
14,135.1824202902979,0.1349258890350926,0.3800436167036357,163.11413870847036,196.950748460635,77.1212020118297
15,152.43377774609468,0.01819522053743338,0.4247556710064673,474.4190443391856,496.7414845834252,243.9923846674313
16,201.37012233558056,0.005164209210704431,0.7078956471074025,46.0927024857951,55.58423199684708,26.68427439945747
17,130.90843523428356,0.20549677853087694,0.37241731570200026,207.23104546588232,180.28086626104977,77.07207053906946
18,197.29483032211698,0.005622430111326004,0.7217615202712768,38.718019107201776,59.7480491293407,23.288926087431648
19,202.44049486610697,0.00561027170222103,0.7391608711231527,57.71934808814167,153.6324714572501,51.2511818521529
20,121.47972304737097,0.14497673833416105,0.2903298606384883,238.5688055690402,222.06191524060847,86.91950788393157
21,209.42615570162968,0.005430557408832179,0.7481785765619935,281.0579654563415,445.3884405001338,197.95441996302304
22,168.2461604268994,0.007767543928120744,0.5329926626916528,84.04772519064431,163.85413603234727,60.59365939437079
23,194.14804032252385,0.006493435467351897,0.6644828194052683,112.28621882759946,217.39783299016165,73.61805644946858
24,127.18800684420572,0.02578515213557195,0.23482624171434247,74.44950670724819,76.89823120213586,34.27521255818425
25,144.4071438633684,0.024395861097628896,0.3978200836176811,53.01009740597268,75.01892744419708,31.148359824291486
26,97.70779287093009,0.1272411203248823,0.12171190517876013,274.76279497699966,278.4672701249161,115.20772555213634
27,169.43531274574224,0.010553538000560251,0.5055257965511906,59.37431443438461,71.22020681830844,27.8690747121898
28,129.39312367023774,0.15043281416413942,0.3258138249403256,275.8598275755847,283.0569080471595,123.54715446291749
29,145.7911375487016,0.058917418656170055,0.4287937711603337,72.60827764109047,91.21408307607626,32.95084842616875
30,139.62355614401497,0.024957752918002597,0.36271678429930165,59.0370313814927,73.64288096259023,33.45652732888644
31,117.97901914635753,0.03220734204655497,0.1646789396945875,76.34964069861891,73.03951510532593,33.89612988715164
32,145.16046171796756,0.06616157421807164,0.40889836576233085,199.99466599603795,204.8691994728395,92.3606825578955
33,119.72932941983706,0.2293545800759041,0.29664581715448823,135.03028165954032,120.24523996898245,50.330268762891365
34,215.21122545329172,0.005448632050532141,0.7442858031481205,57.985802904808104,143.81017977238287,44.512642905198604
35,229.0125086601335,0.005329283122516036,0.786993280960223,353.81817335807875,490.7735528237554,207.25329370998196
36,129.06434154052062,0.16194369752027812,0.33469391946545896,943.2363516578903,828.153995679025,425.3609437559927
37,212.39653949748765,0.005249048139338289,0.7394790640927749,43.518650546462766,65.93236841549648,23.307308889165377
38,183.68178342886353,0.006490604842673187,0.6354623253904481,389.7334341408694,631.258966649564,248.87666510437055
39,123.4812875865445,0.2741878836234497,0.3440947133880901,340.97361537014706,324.35091947914157,133.92319433079388
40,179.48261882096318,0.016252235586949465,0.5577149393527716,420.88376930272324,489.4069601271903,230.0032709259696
41,128.663531849732,0.14722858015815915,0.31724083163007916,1031.282648475384,823.9939996431688,456.3785187189213
42,146.2611764732732,0.00897595055061036,0.4156483241797395,80.81567279816625,165.26548528771406,58.73199822132662
43,109.50424980070973,0.061515762513990095,0.11285199597044149,662.7201691570543,640.4944907120167,306.17285671399827
44,129.22996104215397,0.03751851514330957,0.2959396315082153,518.2416327560328,574.6299865430506,268.20706706971174
45,130.20214016494333,0.1350432897595288,0.32255104576643423,1036.8959849876126,818.8325813744452,441.82350528120116
46,143.12060592089207,0.018390227652677924,0.3732407962483687,663.9955075313657,591.5670522295699,285.6966684927436
47,191.1196518456058,0.006881207496015879,0.6424510938374586,108.31229420949765,210.15941685237385,75.34472668556393
48,186.10640759557612,0.007205454725645887,0.6008353772339273,53.59519832817485,76.72955856299404,26.817798035474688
49,180.14701130233237,0.00714453532733254,0.6256721261948655,65.3479344424637,130.37996698629942,45.38539485454166
50,152.8098159045425,0.03658427815067543,0.4107801450588735,576.1439690719781,593.5373641601442,296.23315549381647
51,137.70720099646746,0.1318884493331744,0.39811706817351017,883.2550680550769,726.4796487466982,355.71773956117204
52,137.31014835048188,0.014049105326189035,0.30374875671997653,95.88377892178647,161.0195274427225,61.27894292697204
53,125.14226353226732,0.04459805793343867,0.21973591427152456,180.86343845436147,217.04118191566434,95.07400397208352
54,199.57907655252743,0.005533891570082425,0.7265289166685235,57.15686714833409,153.27813108035622,52.96971619470298
55,165.14484985749516,0.010067895729182461,0.501707183530163,113.60009334540374,202.7881288778759,83.48512772811789
56,171.45890932978028,0.008203998816871613,0.5553816479061895,404.8944126251884,559.4905896906807,265.4082226001921
57,117.17952252312531,0.25259135593943527,0.28094585501028285,1035.3542267883818,818.0290330156352,425.04221988680763
58,137.82392335259988,0.026188669358565574,0.3504621256313263,532.8670760274281,620.5206063036516,282.6439591805347
59,138.01522308810627,0.10203006641274946,0.36924366156153066,90.38259363326053,87.90931130171299,39.25713006492974
60,201.10631208441492,0.005580112310394139,0.7245724589230241,76.19366806428313,191.77150713332986,69.8573523812574
61,126.52133783995991,0.11090995602945873,0.30139029190862016,205.16981141578975,181.54580074269137,75.48062321021224
62,194.2185540430387,0.005881860699643885,0.7064831845663475,62.063666946023815,159.39846792556287,53.60726939867162
63,153.07621245926498,0.01700034768472415,0.4298470355493188,99.91592179554863,170.81162308301037,70.59297272449263
64,83.66636795075709,0.22045037014440794,0.07804183481532126,1072.0419957194038,874.5364328274791,510.9647958487309
65,153.0288960908703,0.009102295869087059,0.4488164038646679,591.6810263188363,603.1946032548051,278.3295357752868
66,135.38019900709247,0.15379464340154592,0.37333301388915224,973.7433034384303,842.3361354019638,450.87119142908386
67,228.49555144496304,0.005080147438464341,0.781199719492438,52.3496619108677,137.25491593916638,43.15186877525845
68,156.58752162169841,0.008162658685767432,0.502077920189171,646.0008461677967,634.59050677183,270.7665367734941
69,194.23429681007443,0.0052542660901603476,0.7034157222069943,81.7717743175573,186.62895542398752,68.12061787423796
70,130.11939408005838,0.033970070449342304,0.26210951507475455,651.7246350330529,622.0948163558887,301.00870001133507
71,114.84858715887776,0.20952238228446252,0.26606623070398616,1039.640880596302,865.0233773952556,443.8462687509525
72,122.50874249374559,0.17247548926785725,0.30586521023822844,232.13550814361594,175.68129379719002,80.99517527064859
73,130.41591634932723,0.023959975702486286,0.27997881823229653,553.5949869861547,556.3867429299358,269.42269309788594
74,174.86179481393066,0.02470557397672684,0.5129475020655908,56.76203415118887,75.03257088465695,29.91628717058119
75,159.38337356641767,0.008713654307634556,0.47807802091412815,129.70007057066533,222.5225801596607,84.82709552199753
76,137.29694253134753,0.1295154193680605,0.40425814345108313,274.7292714413042,267.99520553675256,107.16077915048118
77,146.47320551886054,0.025415443721037684,0.4305028026039862,586.1988126824406,642.6367975368405,266.7361776415983
78,170.48395969252323,0.008082301812832999,0.533330253322289,55.02315270262946,71.18801453178162,27.592422694305842
79,122.92170443277934,0.026954074972989444,0.24295486313899434,681.2213622120266,597.3348059925947,305.4846793898757
80,212.9109158397043,0.005215577760728746,0.7561794065681156,40.66906354962963,65.55884736544621,21.813388464311274
81,117.76892340540255,0.05201893370941586,0.14222373520110773,168.52632939582455,218.0220491133142,93.05695689988534
82,169.5997101127697,0.006957218752186244,0.5922678427011192,602.2746759273708,599.6335351039563,263.60026755986354
83,159.202249140483,0.007559127400104588,0.49978429712505157,118.34970277156373,210.08070823657135,76.44727757928234
84,128.62701264581239,0.16038369126275623,0.30690131534390364,1025.557464716709,839.2774635762025,479.0053901060596
85,137.83668226216756,0.10683576147123894,0.35951818715115946,92.1154460302082,99.53872304643215,38.05015767909872
86,137.6677617280318,0.16342635968301605,0.3743555654682704,110.4750494660567,108.53376931769067,43.42610926435324
87,123.86906789551529,0.21621840858069086,0.3446753152088872,325.9882685165169,315.084391776746,129.56883684560583
88,129.77434744885414,0.03647766280898216,0.2700732864357124,67.00323601520515,83.33622502324852,33.96357967187754
89,218.79025443936257,0.005609328073724102,0.7661538078338022,41.343601773980765,68.60020292007194,23.29221938645131
90,119.60516733844183,0.0539936291142169,0.1892525807225116,131.99442218509495,194.4619876628501,72.22169065601094
91,192.47124607348536,0.005698088708668005,0.7051459821874126,82.95372297345646,193.88502949671033,66.44650822460784
92,158.5593349263325,0.03910562836356577,0.4175231278778022,74.65374253096476,85.58660703429932,32.37852315640912
93,112.1186018658099,0.09242704903717383,0.23225207702807538,231.7916468459881,257.9659227983995,102.81543562569549
94,171.69599680959837,0.008377075028076195,0.5311486459910263,121.70993758078197,213.5070067884178,86.34705105845728
95,213.79519394857013,0.005781995067063329,0.7499618073643535,68.65149770918302,187.4713790561452,70.78821931912175
96,138.5888315951021,0.06633795587622011,0.36747043010388014,135.25606114420384,170.9960551354322,63.234529456324225
97,118.48940778829592,0.2051250784189096,0.25793483730705674,1012.8257102552658,879.9543953199995,461.3589412067836
98,150.64230788251638,0.01852684182653324,0.4120810905401668,453.0936396806152,522.5638587423143,231.14093775463778
99,210.9645783724747,0.00552880407598599,0.7557396338489697,41.407266272774656,66.6035253330477,21.87677859543107
100,121.84278141052104,0.03990225820207585,0.21164210981372727,684.8920962547954,650.6685819336219,300.2206513034057
101,123.40994319814594,0.0422255584704631,0.22191889424333355,75.07341250370813,82.21206789552488,37.83650557314175
102,124.05941394993758,0.04392398231228774,0.21510787672986498,674.4645566030756,593.4510839703726,297.56703822804974
103,125.25388231878847,0.14142838519881928,0.30287343896761865,878.2619630855619,770.7879711263845,392.6870273073821
104,128.07030818300723,0.106198960694694,0.2992551765225082,960.9020607100929,826.4897529357471,436.51458603174575
105,152.58228852646118,0.00824740536753167,0.44050189809729273,54.46600380589621,73.55499494708135,32.11636636306608
106,164.9871973616643,0.024014502767469362,0.47715741429158215,123.15483079817776,217.31835817507792,85.91625455983723
107,129.74283245731746,0.14758656150105015,0.33771249383208396,153.34167471960126,178.85747999065848,66.74139176753785
108,178.83664773857453,0.008224019035119606,0.579734572371462,427.9684971387343,610.4985112401102,275.7082297250013
109,151.43441656728731,0.009973194786534221,0.4340023115922451,74.16152977715407,168.7748617128389,60.897515082331736
110,173.95586273431616,0.0080247713001336,0.5583673498928049,84.27249257579842,185.23466874146618,61.94570409223513
111,202.78676716597553,0.005355211668217489,0.7394961493546406,54.2734537376156,161.65411110440317,52.75634493504883
112,136.27588077031714,0.0960036952957112,0.3527177168684018,246.43311932512876,285.7014995437038,116.98642538723239
113,124.31407774411701,0.20654273534390447,0.3041101979165324,305.55988687375543,316.0976223549394,117.03768158815063
114,231.28349541979475,0.005514806410354394,0.7903528670455144,48.213511644430184,67.37393061884593,26.472762889854987
115,147.67510533077407,0.010632343191927313,0.36523674025112485,563.2520152000751,578.7756276193622,274.6799026599219
116,125.27086432008848,0.13019649216490636,0.2931593315780269,255.8193241610643,259.3766220965394,116.63458327441015
117,130.04756008972205,0.13595088373034955,0.32500917257580875,219.6309318747409,204.05925227870512,75.65619858633758
118,110.05850445592341,0.10208124147115745,0.19042851791535614,160.51095725899972,166.2235493183288,73.53788914126662
119,156.58249249070678,0.032940978380079526,0.4058910962305537,92.2507522103156,143.22230542347248,54.461847209489626
120,194.8774490260186,0.008452687905328025,0.5921175700142538,55.053560751478955,72.40117520111531,27.122099211275177
121,135.88777148663462,0.01945732251342336,0.29650205304846844,59.27145519452357,63.499862696841326,28.247189884849963
122,158.84550173318377,0.007158837102727468,0.4994442212957457,51.20254149018713,64.03227525813143,27.35153926205099
123,100.40558800095548,0.1621620062156883,0.15246980266691115,296.8882791008607,318.46379462730647,126.77573222977577
124,204.20966295846083,0.005719380728717737,0.7217810861195739,89.89694249079326,203.92682734583863,69.8124142149872
125,226.51884851795378,0.004967600755328597,0.790812001896567,55.38212059613454,134.07223243477938,43.82895632350665
126,112.02158323207779,0.057384402562377285,0.1304057518555515,757.2678032124927,639.729206857317,297.0229739480235
127,127.3018650878826,0.09039178173151777,0.29467851859855376,239.9221076766525,254.70465739793286,102.53847022938524
128,208.16556970505894,0.005381373733983509,0.7318330557046355,78.58117215378314,192.42183617440963,71.53521913386425
129,142.30615667849997,0.010677973357583723,0.3602922916499304,553.9772646007405,599.7707280738045,279.6277977872478
130,194.30818881255385,0.006152002171125794,0.6674275545975692,64.43194855989984,191.79587180437557,59.973264861508355
131,163.20701948655037,0.0077025997946490255,0.49324246851389864,53.68950713608092,70.01148617226072,29.23761777300325
132,128.0115115846555,0.03225762714142051,0.23207402447617162,100.72408861045798,177.1187419395173,67.48568221047316
133,143.98243633955536,0.04734159912026649,0.4387963221687887,110.45305598605702,143.91634317188777,55.090074223504985
134,190.58416829205407,0.0055974475117045305,0.7033356892803873,348.6927820901642,485.4651561947352,211.7513506296993
135,170.66989751498016,0.008234855083149795,0.5242286645005986,91.15894556211035,174.26894618929248,62.69248901846812
136,158.6862552107109,0.02608185713803199,0.4387469228079943,122.59650834477813,205.6898306788362,84.35121598696007
137,141.9137907748511,0.0998909878389036,0.416117609331892,974.268526256436,837.5768489500724,442.3958795529797
138,117.83230245291952,0.183206192162083,0.25970454300094703,219.43761148021292,184.95849148824888,78.51836375141258
139,156.3135380786448,0.008088840226185924,0.4921307518089988,489.16960868679405,590.4205037271738,253.00990563593194
140,209.59745210537977,0.0053739808826669105,0.7277557605025875,57.417262827559654,157.40679054247704,55.05854615896214
141,117.99418516165392,0.05194229876664441,0.1538531132689752,83.21480208753735,87.85746404434849,36.8836714291481
142,174.7551089065384,0.015207817926630294,0.5180116346042036,114.92333424432658,190.87279306988506,87.1928415620604
143,135.60866381504565,0.09241819655323691,0.3367404371875977,824.3425681288995,736.8155878187438,365.30050063842054
144,160.3689701496578,0.007517116223366382,0.4951011825879408,85.12391798063918,139.01539803603427,48.95164319780676
145,171.93811528482365,0.01664421753621607,0.476246603842097,63.016779764486245,70.6776699618451,31.998308184005523
146,124.32509294345765,0.20738907299243542,0.3046083329869883,313.50343879042885,301.7188938832011,135.13062399165204
147,171.80321180369978,0.009813724583706319,0.5321756086849477,414.7810444054303,618.6793117029448,275.30367607414735
148,132.30362790300677,0.10075777853963336,0.3258187737419336,1002.1939301410516,847.4363846747501,456.9968013954709
149,162.2725572091698,0.03268645498584136,0.433132560421543,66.31413984227089,83.65704948161326,31.01537123776285
150,125.56964564491201,0.12067365401986421,0.3329132050539322,199.42137294034796,164.47414258445554,64.7209887452962
151,173.81640518195135,0.007866888347357843,0.5493585300646858,586.0126939075435,597.0477700764965,276.1667377293706
152,157.60506708563878,0.015236584745481301,0.49290427355637445,125.18803722583183,191.18015352094073,76.64928540720479
153,133.50538445133182,0.030773475292035363,0.2821134007196873,72.8643968694412,77.62018334816452,33.24123400718856
154,123.1163596459244,0.03822150790695823,0.22247938343181586,689.2428352590141,634.1337695685751,319.3403900622302
155,179.25109802450288,0.007322945527179376,0.5774383467313915,383.5461493306731,594.5102716916085,243.5213676572356
156,95.67347016186176,0.1422523123258953,0.11904993835755187,107.29226091506446,101.96988506769597,43.568060495606176
157,155.77980888776614,0.0080345568346436,0.43818234459022576,81.42653380338967,163.96252038903387,59.70950200767993
158,125.48590110392337,0.15732890958680668,0.2900256807046817,294.2906016340013,300.908274636648,114.48110075302466
159,183.32680788075135,0.006868190447027534,0.6212003777626394,110.63606143837359,210.06667977166404,76.70816365276585
160,129.4069081353256,0.033853539749710115,0.28290245900829514,716.2742818877105,653.521426822102,313.9963771616489
161,130.0363670873354,0.1762062497983871,0.37324294494651633,1023.3242384814237,852.8082681322226,462.2258782018488
162,165.93307705524992,0.010840140324313425,0.5106908405555866,410.851759865717,555.1378814101629,257.61866495960595
163,119.09476791252325,0.17011514417621965,0.2620322354220004,1045.4814653275253,843.8579751994631,472.3037620191802
164,123.5927691334619,0.02732304885177113,0.1959669729997483,64.7632195006878,71.43998472874534,30.331849430725875
165,98.01726815314348,0.14129329897539572,0.1371638590142959,134.5905231316569,106.05345303030977,46.31757305374906
166,150.42089561310274,0.00809902124872979,0.4147733414843944,57.45266304213213,70.46781457661163,30.400220954977577
167,115.22378088463017,0.20561129395739514,0.2607707612661856,1045.4152019991545,833.0493339408949,409.5428240945081
168,167.6738155403395,0.035698673886449234,0.45813097088958293,73.50883465540605,83.24427265254224,33.078839902012675
169,154.30122569671218,0.02428427352267589,0.4425461025727353,95.98197653447664,171.77756182471938,61.144937707051014
170,222.78204534410054,0.005187189568812268,0.7801564883391141,309.7469689848216,473.42238645933094,192.96496071351118
171,149.2221440025554,0.025058744973833424,0.4052163618856458,121.67084774979364,201.21243821110838,80.37012696236374
172,108.73614094532773,0.05832161241492766,0.13654620270740692,643.0963305684068,592.1721619932272,285.84213185378076
173,172.24741576622668,0.006670397601576162,0.6055308688271251,106.15691343475095,204.9594467698496,70.42108780045673
174,168.42648136333975,0.00651667964705906,0.5845950538851364,64.6056592012689,156.16840724980023,56.41747576302264
175,207.86902296200793,0.005376891707215635,0.7555304105189824,41.068290585758646,59.307115045841016,22.204510848119718
176,130.00166323002844,0.1507792870151382,0.3375672605393816,106.26055613911083,112.98216482172624,40.993686762002326
177,138.07797396101796,0.08941192454452422,0.37667551772645885,103.52875005810233,101.10079530323219,41.02735933660331
178,114.05133655143227,0.051232225997475817,0.17890185976393433,112.22590627670726,176.58198753311052,69.26648796787072
179,137.3220870366096,0.036280832398093765,0.32552307549199705,100.46260229045268,145.31181856950832,55.08846677888205
180,130.69037361706222,0.23228099137808134,0.3794315305665446,1010.6034377211424,832.5568647285475,419.82115412894893
181,129.8070156784026,0.02878453969544946,0.28212582133849706,95.75372532556665,170.36549678863358,63.63348010635677
182,106.88539641796218,0.06585181821919917,0.10827625389993674,131.98672443953973,196.03553118615918,74.51564236339014
183,131.44390318619298,0.11813594202239494,0.37494729041134134,157.7839433393249,169.98958907001142,65.0473549435977
184,125.47247161291386,0.2411142749699654,0.31942748417435446,330.4780931193946,323.44973358593677,148.06655056852753
185,133.03189487103737,0.20410184964484931,0.375718810112459,1057.454757684213,862.4294228906624,463.52786434483176
186,153.24978730981616,0.024967978412109258,0.4301049208648877,115.5092624562927,201.25241690749613,84.31460953089179
187,173.2647969128087,0.008089017679889145,0.5436122186984271,53.30414445643699,69.32800962602329,27.554323719628528
188,159.68452208726978,0.007447979827711466,0.5296014594064034,400.7281958530373,614.7412724067456,255.2891801059288
189,170.3861045273457,0.0064354927265534,0.5702950186357687,118.01466861451047,192.05471633911992,72.58250047705576
190,183.53120697157556,0.005481170741836764,0.6812347460381529,85.70720637336005,181.81285370313773,68.89909012774456
191,163.8529658374291,0.00700318350685495,0.5310807317817523,499.4051565153817,581.1732618324191,257.9414582417658
192,135.73138232342555,0.04463152542389163,0.3248198161053467,427.5185694825034,583.1269546354226,279.0796289457304
193,231.2306075151618,0.00529127983975858,0.7921745450171992,52.923794574456934,163.62491795145633,53.79852327976078
194,150.76156226940634,0.046521658295165635,0.4627545849575394,109.95292474033565,138.6794755100962,56.1748542743681
195,134.28883336502855,0.02253555838360139,0.3129428555763595,648.690306682179,579.686082459576,273.08908855431275
196,228.1678625596717,0.005592656035233089,0.7825088455770084,73.33243237569823,202.33789752737437,71.56595487863916
197,159.21208467752678,0.011411522142241327,0.47093607974042806,119.27695362242109,206.8872270658992,82.64055920385903
198,196.22444719275012,0.00563318501037733,0.725024229617596,448.9573959477565,532.6552412723273,238.5362624864125
199,130.55600388676766,0.12109125532633466,0.3376858905908061,278.7485592286651,293.55904166525363,114.61690459971399
200,86.52275990889845,0.20679873323642828,0.09213280729727368,1067.5565935756829,846.440954909961,485.3182567962067
201,163.5484534589722,0.007807879174479947,0.5162135148896422,52.65459053494093,67.26162326016863,27.912632956444188
202,216.78284457432926,0.005589989426827702,0.7615034493144404,70.70650740372707,184.5720850862073,67.51158344603027
203,106.60337488363689,0.05994721145203025,0.10943864120098931,734.7586455826297,668.7937236593502,315.8755433402174
204,189.9319874905325,0.005641370154869695,0.6836137986266687,63.72589450071699,131.8434714172453,42.97887074859444
205,83.28492842745966,0.16272599860959525,0.039868933813663125,117.28366306701213,108.51330997228908,44.14126274815279
206,135.41377438447518,0.10996252827111697,0.369190143205804,986.9903822774461,802.5320162265791,442.4883519831478
207,91.13247973688073,0.14903743224215424,0.08349396993285138,261.8880024412558,271.4572719362277,127.01697529260281
208,158.10355226939924,0.011408537860280815,0.5166291155633027,47.44173180067849,60.151027940563566,27.078078481460366
209,181.54918813509886,0.007651866123200521,0.5857395993189014,546.8479814337287,602.607371549736,274.4546500958297
210,169.11031427613062,0.016351324151145496,0.5031124188686489,84.42770203858913,159.31463262296776,60.13511129566461
211,110.48465522167993,0.20606665477646657,0.2363119740743762,1064.472349390048,901.9224429302371,481.8662223772027
212,109.2324485621084,0.09802148332985113,0.13685771762030507,104.08249213801784,109.5409856165169,45.039748664262376
213,126.78028490911291,0.1245848872028255,0.30352707710671123,208.541121767245,166.69030305642735,71.13788576671455
214,164.74848160729022,0.027055959460631062,0.472151066489526,620.6871872199814,633.1917045645947,282.5525036421642
215,127.19780337886864,0.169056466777318,0.3369238605795511,298.38766043522236,313.933445589885,126.08701548297604
216,121.48784118961257,0.2606070019779596,0.32835316347215127,1038.372195470412,849.2038761603743,419.9288000525624
217,218.7379786127915,0.00538487164928173,0.7663941380807968,40.137042134659644,64.01086629350384,23.182507412365062
218,136.74357290611283,0.03967554516592907,0.3406127794171373,433.6334761756593,581.7302899682913,282.678914657067
219,202.77782918829723,0.005457162262965424,0.7348201894582496,72.74004169713041,186.14271453404294,67.60429695223414
220,225.8909468470962,0.005557244886050627,0.7881366530278501,37.688914775671236,68.7910471249949,21.565180391398364
221,168.93535249206414,0.010484796593314524,0.5229042931169966,399.47402007737685,581.2014213917387,252.01639129766818
222,137.8302361217887,0.1066704577104362,0.3462092593332585,951.0486814759822,831.6471630754436,420.7804884273857
223,169.65309348894806,0.011914736164772307,0.5040549855000669,377.3926332547327,593.258118323889,251.56878830569184
224,186.9818080313314,0.010632287959468294,0.626775037352769,97.01578542583286,197.07332468493394,86.31142126022775
225,139.4086549001947,0.12140720578845586,0.3944021128380796,985.2308329391775,826.167194686738,443.53050669189724
226,151.7966209161854,0.01062651133457377,0.44171394591986346,50.16701667880669,62.51394252402487,29.01071864088218
227,130.1093061305567,0.029448161077541807,0.30329143470288306,508.7354607689273,572.7595984732652,269.32629372979363
228,184.54914941105125,0.006570071889457702,0.645559658695921,409.99622497630895,563.6850333061863,230.1797888015175
229,190.19449292558878,0.005356452583862976,0.7082742437998224,63.637019617249884,125.28023251256646,43.53984654037845
230,160.68766087563094,0.010035034785845436,0.4949875116621222,84.95567972026899,135.1558753689963,50.59724469725556
231,183.76011337468213,0.005765381911486322,0.6838316601118188,58.98675198488114,151.6635051579274,51.67274840954046
232,134.42210508252563,0.16122616089488737,0.3726356591913912,217.78356545158593,207.6389484512424,89.92975440676219
233,119.97048819298551,0.15249211810659036,0.2910760080366661,157.45848503466686,191.89325024741495,71.88518752706433
234,134.28221714987905,0.14583118544328705,0.4045273827155099,905.7378258533679,758.7665000611426,392.7164289717498
235,167.11009214347348,0.009683122056397722,0.5540059762141979,415.5539072646826,508.0462815143578,222.5665148700667
236,176.96015143568604,0.007962484068087451,0.5672427933084891,55.40343210846814,83.14789854600717,25.911041267832864
237,123.33848017940696,0.24345917847243453,0.3035301044272335,1037.610578057463,862.7230048058696,450.4679616818837
238,141.56144084346158,0.027399964619628805,0.36768933919404934,147.5951590616595,219.73958627612492,94.27558433088203
239,120.38213666102271,0.04098512487220658,0.20889508298945764,66.66345551695596,79.57398283272758,32.682513012459296
240,129.47402431808607,0.030806421927457448,0.2855668765724906,694.4013695069593,678.3602962562475,322.78420048777446
241,135.11200229457137,0.0869161119115529,0.38578455740602013,220.79944397968137,251.85372701610345,107.47508861124636
242,88.2030810573358,0.2035270256923584,0.07792839097394717,124.64377763775732,115.85841047511812,54.90860661721182
243,126.15693010383295,0.1327111742685713,0.302951035713626,292.8436719638971,290.36514639155456,111.99165817016393
244,166.88488213273095,0.009027207730810852,0.5233433723003613,44.94253388125128,58.25029570916401,25.019219669734483
245,188.4326189119125,0.005591842326586213,0.6534075954606732,372.9194424902019,496.53610653716214,223.20297536519195
246,139.2928871720802,0.014133800851119012,0.32976797863818474,144.39425018425752,206.33770567651302,87.14010597261652
247,116.53411269007441,0.18236165123926823,0.26321180014286216,1034.0596575015857,821.3149098326868,410.431285095559
248,117.29691679439205,0.03166599578289277,0.16993454377766706,673.9104374905031,621.0125844927015,330.74630259013514
249,212.72902936094758,0.005301340877182628,0.7503375746455867,339.2992996358611,501.39495310024546,203.9767291734558
250,88.72317345478757,0.20388789868412344,0.09093793613837084,1054.4294758608148,854.2307423924101,462.47000716779684
251,172.88666863276634,0.007976552721315087,0.557151840010775,548.3689601961864,623.6702514578576,277.9376053047602
252,129.11005106036555,0.1756122221876965,0.36771152485941183,284.88605380184083,303.64876647916776,124.66096326573208
253,186.9760878324562,0.005772207970327972,0.6913225425689125,472.42853946662336,555.0376117325591,239.62910465319825
254,133.17193634392441,0.0668039025508732,0.3642431479983237,769.962715285103,711.3231871864002,322.59196027044004
255,131.099534988634,0.13497998547499535,0.31537585016366865,215.85447330129335,170.91899748935379,74.17526641211714
256,219.0915974395643,0.005064193215222081,0.7658515031891459,258.3751150441438,459.57230679441534,190.22647388172953
257,183.45203571849626,0.006481298983325097,0.6301860723508397,39.41885236603106,62.16359501574044,22.327098933034684
258,101.81873311033209,0.11091450884373952,0.15450119750696262,903.7403919264602,810.584294777046,390.64653653893765
259,133.9930282963013,0.11517537444540091,0.3853813590684748,100.87400562023633,108.67913527079091,43.26668140184428
260,145.6577749596471,0.04364159190214233,0.4012001365819488,795.9005400791311,722.077891637387,337.3823718646013
261,150.6018027102598,0.018513619678059402,0.3620484490147478,592.7145248726383,545.0843636668454,261.90661148345555
262,174.06383285318321,0.007993171620909147,0.5476043740802793,118.0659793596727,212.8379771296913,81.6201768083891
263,178.1187547338967,0.007312645111209665,0.5771390617287375,386.39107341801355,580.2028860661763,245.46305183912938
264,216.63783520331106,0.005400508286561488,0.7624404028879749,69.06692781556362,196.5009592097938,72.169364016301
265,150.1409826990047,0.016856063303117716,0.42194380248190455,140.16857837867474,192.45944153386324,86.58256856255323
266,126.29196681524745,0.14365922614616367,0.3375865690611045,303.60301156171136,305.047278011087,127.59087350904886
267,140.50983563092387,0.013555004641691386,0.36994040948920837,54.900119644090424,68.34394941874737,28.6341384538984
268,130.54881410728575,0.03701684463416664,0.27552408910146875,725.2805222673961,671.5483862283176,307.9530257237453
269,129.49811293281272,0.0870951175486394,0.3044003727868483,235.7740125506826,255.0627365220641,95.39506456210663
270,136.17123466087867,0.03211551095051495,0.332131580241948,579.2333131169003,640.3803754098552,278.2199379708686
271,211.0850584422603,0.005607094459371555,0.7579851169729025,303.8817357634815,474.9360045264676,191.61514289146515
272,182.16445244860492,0.0056970721694592965,0.6688517273905159,58.22145383229727,153.17295534660423,54.62084284505292
273,134.19505874328019,0.14666405581792197,0.38175834309530754,102.9988147380906,98.10585120847685,43.89224824725584
274,137.32351242733102,0.15140132693490715,0.3886572162190026,917.8841693494837,756.9711377941801,415.9597420746154
275,132.56436481711364,0.11940411318271135,0.3208154293911244,284.6530705425392,289.8468884634793,122.36529869072044
276,107.37176950101114,0.2143190060199773,0.2441546443890238,201.90931558814322,164.16294344174634,68.59992468295403
277,184.28034102897072,0.005966579959272182,0.6741986369160131,358.5782430964746,538.4447260142754,237.58484129823847
278,125.11749362333744,0.234346113213687,0.36495205056055935,142.60974568096177,123.63677746754882,60.02725034503126
279,140.44711978867906,0.09551317080440075,0.3705141434254945,91.71013123927406,90.72398219132259,41.909625431923914
280,95.10002782004747,0.14833181203841939,0.12177975218893995,111.5752805409578,102.99380160620633,39.214886724168124
281,183.4583149907013,0.006082822938491235,0.6051910303624,65.92402597821223,161.6986640007181,53.51852786688592
282,160.8410999107959,0.008367446031418105,0.501115490891477,117.81021201704357,215.86589296856496,82.55449913750843
283,164.40619059214475,0.01734317017970305,0.48484965184475026,118.93719635993749,206.41072173457192,92.9875426562023
284,119.69850233914721,0.24256404151970867,0.30249099870593266,364.62950811210146,322.6437485908629,149.13966542786488
285,105.19251244134098,0.11846500201524607,0.16336811742086071,201.58069280513877,208.2609774043452,86.05379842200287
286,130.21982202925278,0.08449007130505894,0.33181981142500827,790.222578921384,715.5075011192018,348.50187924358215
287,160.5940663920702,0.010242968901067222,0.5056209289341611,54.100707790603906,80.65722108729213,28.02516669224025
288,116.23323940938452,0.03509059441411665,0.1547329927097367,108.95953440966052,181.82502395946204,69.51058886019088
289,208.19065435099395,0.005793801409819938,0.702213943387453,46.52972480758861,66.42501572443788,26.290537369422736
290,171.64048583838772,0.006125123645565861,0.5318469910875706,103.662989852317,193.43490983375432,73.00615343206894
291,153.79196711381326,0.024582362801266543,0.4438917533362324,393.5188736186182,591.0177615379756,246.66335940764108
292,199.74986566143224,0.005621291522094626,0.6723320457214387,74.59733703634757,190.73823413318684,70.67994693817627
293,143.68031395518938,0.009683273454835353,0.3413173222974665,153.31887739670424,218.32477945953897,95.93252852836427
294,208.8960158287406,0.005588663307631982,0.7350099487091706,43.21938625536595,58.49383954243059,22.242826820229816
295,128.06959457672224,0.14767743422456509,0.33405449722521685,239.41149601346143,232.6021790372392,86.87414211565617
296,156.73432550044234,0.007561054338156818,0.4596275304106253,494.86190329892327,559.9173383141708,247.9171178489826
297,110.90764103495663,0.17177705824570327,0.2252048557787628,1027.3288394456201,873.9630551372035,455.21364511912856
298,170.1590083793871,0.006694202307856102,0.6051783292814675,45.23058616889273,68.8365145772749,22.03389124120368
299,214.9395052349921,0.0054188150963772885,0.7667404649990568,376.6049037588966,537.6176066583811,227.35251823043973
300,173.0188183558995,0.008402564394845543,0.5426088585790128,57.36403869906225,80.68737836523633,29.455482396656024
301,158.63953652411965,0.007345387805435156,0.5317840210212701,49.98207437879037,71.03478096340383,27.783548412517707
302,204.45379892410295,0.005702231244153002,0.7042276570855927,391.39649620376053,494.9030667702385,219.57339009001487
303,136.4882216563226,0.07399077492042833,0.3415559679056757,136.29996971893428,176.1253747348835,68.88323086069482
304,128.1713644297167,0.22531145848486236,0.37094977684582653,247.81441808647116,214.18166595520734,78.59911925762938
305,132.01655309205313,0.09116461192779224,0.3335253522387973,101.59650809515182,107.10196600745041,40.17679962514214
306,164.19895501838567,0.0076843958895545595,0.5139685401581542,119.2162652189401,204.12473283024002,79.06492031172516
307,227.69341984847492,0.005326473737454689,0.7808351604790011,46.29702420682153,65.93734424569118,22.756823084995816
308,140.0363030116925,0.06973801610959565,0.3654494683276241,87.13215043179002,91.25505884846189,34.7794680709317
309,162.5149818793995,0.007723924474885439,0.5028011305521572,85.04127253334639,166.7630534859594,59.29932227476715
310,131.2446584231356,0.22791026671056705,0.3687354369070563,386.1765274609754,363.0952815009914,148.94300822771825
311,138.27993815397957,0.0768552758374911,0.40957623016868255,904.6173102225775,789.717333204139,408.82800044633314
312,158.88743199500013,0.007532457446759158,0.4800548012616328,548.0690032080431,629.8456792602569,274.27336662829714
313,157.14838833298515,0.03299091063600791,0.4134128372658701,97.77373685413994,180.17951220982982,67.27575033436929
314,155.93725485174795,0.03330621741549171,0.4198103534901846,109.01741397223401,176.95625312118955,66.17811974146254
315,124.35349714839805,0.12147767395549618,0.2961372654536619,243.01346122912938,268.53253600529797,114.1726846860074
316,124.02410480336316,0.15165491430403116,0.3000671365084056,286.86135777044353,280.5392122866607,116.44938648120944
317,155.1674510888166,0.021074866479463293,0.4516717611191645,89.58234630204618,150.26593709477305,49.79724623504207
318,118.46189044047054,0.26624841171089286,0.30321275395122965,1117.8032973312081,872.1884067870245,472.84885402465363
319,174.21595965207155,0.0064144912903765314,0.6067569632872711,388.6505235812651,601.8514795429026,236.70592907457632
320,110.70231496429167,0.21520107554641432,0.2570929498720506,1040.3281328110818,841.6874223949603,441.2681085185203
321,166.39079163512184,0.025109104793748158,0.47685086035816604,61.625240376595656,73.89564902937047,29.9720055063505
322,208.52325359063644,0.0052827565068412526,0.7248293455722408,418.8984907273426,512.1650625280811,220.29811355097928
323,137.206240393141,0.1320238271566145,0.3853367057668827,933.7702586949536,799.2513349267383,396.56250697732685
324,160.84488454203185,0.026559631393671602,0.4421869642593108,57.90939130551123,75.3536534509506,28.488980925111605
325,135.26170286286614,0.10544380743744464,0.35785349456801785,92.01916533771947,102.61101847996096,40.69548042862297
326,208.95825751376708,0.0052041915083358365,0.71339719061948,61.151778211615024,123.6249552192024,42.00979161101621
327,139.2874678868301,0.012778106130856101,0.33774830204050826,62.590043583817774,73.72621788001094,34.03534982376118
328,84.31993246103733,0.21410343508351853,0.07636738948998167,137.11268205389385,118.77300021849236,50.392284035030784
329,143.32306597351328,0.07597081799868749,0.4029134391837714,146.80539964126848,186.07704212247612,72.3757776262181
330,186.91254330818458,0.006327738094866616,0.6535793246281356,495.7783938423212,582.3778992837993,236.3834340051201
331,219.7746278427145,0.004995639166159237,0.7684926707399887,53.69895279891591,137.39851108775912,41.74836598833694
332,199.91478164872635,0.00543724508250573,0.6630966778934506,332.2403459839037,483.7839461185806,210.94034506292292
333,130.82772925769248,0.2593203382242218,0.36744041978013386,350.1416851642115,332.7671725898541,136.0689699013208
334,116.83412151815543,0.0745935521861055,0.1961851478679793,120.22098975723506,164.95720476858804,61.19317206189495
335,107.77406823849674,0.24626384431188986,0.260846359381529,225.80827620688294,181.39917926885224,84.90136373179949
336,197.29870628546567,0.005586919701403673,0.7146601622085438,49.40572578166568,71.25308588535418,26.54137789357776
337,134.71244291510516,0.07507471741700533,0.354290027461726,892.212655082752,837.6564734273953,414.4244639423871
338,133.3272748963617,0.10698636712934206,0.33009653781163395,261.8345811172071,292.7063259482766,115.55891848456551
339,124.07857742303979,0.13457763337462342,0.2925604884796165,208.77373799227152,167.50544218832133,76.30258954567532
340,119.25542500512461,0.037876242759191645,0.21031221280195644,120.19960086000424,173.90540173610486,67.4220255418328
341,171.92303276404198,0.008141895390549238,0.5492248707088259,83.99178223301172,142.6272552387004,48.89913918780314
342,124.01050287247118,0.1928985154256858,0.33534733172985465,1011.2544579212858,836.9867680909863,450.16249989094035
343,151.99379148483018,0.016901916375652016,0.42677326159117,592.1658557588937,524.7068713888477,287.80808867613564
344,164.48839828488093,0.018723052492863487,0.49827017255246275,55.313413588762536,74.99481311876906,27.897190418198413
345,155.1997855886808,0.012108730848584926,0.4648169943178228,415.5724063569426,605.4104995591351,273.64536005624507
346,159.77506397507793,0.007564284422845893,0.5161748545786773,607.5062955873138,607.2760248153711,275.95826459681984
347,174.039917743288,0.006054928604177688,0.6007611631875448,66.72089967449234,133.9161038030189,45.059842192693026
348,146.89377806369765,0.018084080265409003,0.3737998159274573,54.35466869450407,64.11290941997392,26.67514804612201
349,117.64635400181844,0.2711196486076291,0.298415792960113,1023.0370952713106,827.0871030701999,425.28681085708683
350,120.77531087342786,0.19120326122344403,0.29057268157408234,286.3564324139477,299.8704372337305,120.39071308338933
351,121.00052831184809,0.22746788348324967,0.3058586391786482,137.68690839202947,121.7400285966898,55.811971953739715
352,187.2370148444262,0.005938605153774515,0.6789823094617563,95.41322286620212,197.10462114407045,70.77288025871158
353,70.04552603292211,0.2714746270288153,0.027585595411650333,133.0033271576631,117.02790739067055,55.78372340717398
354,130.83904389969476,0.11891220501890051,0.35379838176688105,92.02140258731853,93.02559927777021,36.02695029378758
355,89.12834635542407,0.23600601265711307,0.1161449192786206,344.91912512837587,321.5735503707608,132.30778811872128
356,119.6094857097716,0.03237671038777676,0.16875717801883205,743.5358063826994,679.641662092323,322.60541427111525
357,167.0557610693029,0.017110223772529833,0.5011164476986805,50.88204456293854,58.9977585804811,28.458704054733538
358,125.71334483888373,0.1058302140883639,0.3149676352678516,260.6735866069904,266.8522817980895,123.29321105897486
359,127.364241422761,0.12032833927682438,0.30040594212967975,1047.4163917532594,830.8722989908879,471.64439091104555
360,197.5580799876662,0.005890141330370505,0.704620294690942,41.15646549803226,70.83339404202314,19.919837119555428
361,134.98299678446455,0.02433254656621698,0.2866203847831753,539.9766009351522,557.9353973606562,272.11769434580896
362,91.78347387852959,0.15396419289417818,0.10201901807642333,1024.079267113933,907.3798253774802,473.9304875313054
363,121.21560812498169,0.15757738136712934,0.2614083992419499,978.8067828147662,796.1967528603325,442.6676482099301
364,121.20765546262183,0.2363153239318787,0.32324468804843365,374.74408236793727,325.22908488167394,137.42177055409542
365,229.2922044696004,0.005295180434686468,0.7685799625417762,69.36336213417269,186.94449710048116,68.49812317853477
366,89.84670198391919,0.1850915509549217,0.10158570503996435,117.32375439959065,107.26547637711617,47.634232561039326
367,209.67217852257818,0.005050433606959023,0.7565044244622945,59.89425658109208,132.17823628522925,43.52632254046411
368,136.45138352934106,0.03940315761791289,0.3228910787447019,696.6592071955747,701.1534315117246,319.7505243686246
369,142.91021535357473,0.03630840913067809,0.3745803670064227,131.41529640453905,213.15449935554784,86.26443153196831
370,138.41794149899238,0.09837771194341033,0.3738849590322463,965.2787605570113,827.0144271467716,448.0370636435971
371,222.48753625052447,0.005515405508952456,0.7764877932633929,357.86100127387147,464.7437609124146,214.33559113103703
372,146.92119569901223,0.02583213249229117,0.41167223604389624,416.0989649499058,575.38150771057,271.6610293979454
373,168.26554461349878,0.026863734563100157,0.4717987827606812,54.02168594251613,79.11581103417126,31.120286113405186
374,126.44034742918979,0.03296367110668319,0.24548145951297695,643.0771689310918,626.4911973646479,285.7630799388235
375,162.26426324070903,0.008870257314139747,0.5011584929703657,114.45033076937955,205.68834898242835,78.95641608937521
376,128.63885424518418,0.14331838216253084,0.33258183822890064,242.78890666893568,192.1807003846231,77.68952566747649
377,216.38551618180688,0.005234435938301725,0.7613395748601001,386.09865428946193,496.88686402517726,232.76089795323597
378,157.04501779747778,0.009639372285701399,0.48865842606854437,428.0773908867694,582.1623053095138,271.0386855726086
379,164.12269767130903,0.007641801626486877,0.5300205397171068,48.237051774122605,67.3715676659331,26.6287199494885
380,128.66510863496097,0.10780718861185236,0.2995248966727196,1031.024407249015,871.1440600166438,465.53429760043184
381,124.4112523858378,0.25712970636983234,0.36979864117103717,212.3376917953131,186.6347934595801,70.37387780224896
382,137.82669751687138,0.07819259751790232,0.3497683903150036,752.8972974423987,707.9798102735983,350.0982424437734
383,113.2534800100767,0.198955752538785,0.2621100578629211,119.08505019223827,110.57536379213886,42.177637630373475
384,129.81426622437812,0.18636371466241458,0.37567643708706777,271.24434499420164,294.07269222909736,113.31659004807447
385,123.65567691185936,0.17416368172276658,0.2876222635623614,1053.231275000438,852.4123333263256,477.16916092082965
386,220.2515090812367,0.005399066799421657,0.7773348682142462,56.60715282015225,160.2266362268024,51.82325319583268
387,111.10205117621432,0.05523495848939425,0.11391369710846883,187.00916438635625,219.41329333079682,105.45287998801955
388,109.54209695692728,0.10630058264876177,0.1698529534083742,117.6344952059993,112.62754423669642,42.75215047233527
389,110.18504326707271,0.08511398440338816,0.1546813056724634,881.0279624534475,777.1369814076369,412.9660712947824
390,129.82084873921391,0.02351818450696308,0.2699056601010263,98.13792711342742,173.42512291698085,62.50115232732156
391,153.2263135044939,0.0442716471734058,0.37333837205461734,168.13868531462649,203.77406186563073,91.48415230772166
392,149.92747324442337,0.036216345351931044,0.3770612363933434,430.15562002616065,611.2997672128492,294.01857073646175
393,216.14900229657405,0.005250679454175705,0.760992746887982,289.0844214693608,475.81853908658115,190.90222407946123
394,97.83823072475069,0.15347674244989773,0.10739010894536108,294.6467687034589,292.20631916735863,133.56561021197388
395,130.60411175857132,0.1298470705534771,0.3324515208599278,112.36685139383285,119.17218067770345,45.67309858230064
396,213.44007496227368,0.005281864298536515,0.7616449123671427,346.9969525149114,466.5385540541754,202.94775237594072
397,120.8265344054708,0.04044568885417793,0.20590327337032965,107.32195107817105,165.7367685968724,65.87242849907027
398,186.71906850720427,0.005639540984826776,0.6776575648068484,93.76222870536554,191.51824189301357,69.23311275344224
399,118.66515936146244,0.041758742932513714,0.19313355142728494,198.9592610235038,231.7820491882024,109.79030852086193
400,133.36522025508782,0.120290520344876,0.3983192583543571,839.3519138186101,724.7531285039047,346.91356022376465
401,132.28645356381082,0.12627786638612126,0.3709883706083587,95.33146747527437,90.76244507254077,38.524756038162
402,95.35653530025988,0.14950568245251183,0.11907775638156404,233.5608008408189,217.81687623672502,88.297361796715
403,128.77693795314934,0.02980924307686405,0.2901455148893958,650.9069764420692,670.561622064096,310.1609214860356
404,133.08040837029802,0.2151395456783804,0.3724766319380008,1058.4726254578268,839.181883765585,463.147878388282
405,121.3506006792416,0.15463706903440833,0.31162211841830617,244.04450277374073,229.30945467652475,80.31171323093577
406,156.22416363249755,0.007886442148861042,0.45764162251795293,617.9927578119439,602.5410707557805,274.17542923107385
407,150.95443905575831,0.015633459272669,0.3997935757134077,461.2940900231264,526.3870467635522,240.19631695550456
408,134.13638493146,0.029390409391747526,0.3264564262466624,527.3717014712117,591.7436215823797,266.7913753353048
409,132.77891592539055,0.13760817137373987,0.3372190241465681,1027.4346545639,847.6199126185944,453.8437998557456
410,185.88058575510053,0.005599738403152482,0.6890968560070674,364.33384124798545,531.0393556514343,216.21812924719688
411,178.83833496449935,0.006234549931850823,0.6397346117933209,513.1551816253608,591.9287815121213,243.27047277466295
412,197.5273059929068,0.005823223894990586,0.7183112603302757,40.38924203061684,65.6694413483439,23.01765410189553
413,203.38374138280562,0.005645243433151732,0.7154399457174085,44.79001633123178,71.9356499697656,22.507042129643715
414,140.04294190689063,0.10016213926909193,0.39811930128536965,241.29400804037,251.52469533192559,114.98791776447925
415,209.5129134755748,0.005383978595413526,0.7387117374739778,41.756414507649964,64.3876471789796,25.98753935073079
416,124.95772511105666,0.19824086482201864,0.3054168441629696,1066.2512074107976,886.0971629482947,459.75727464428513
417,142.13062957933656,0.08412140203185622,0.37616985182880425,953.8119125809815,832.472672776913,432.9087442514967
418,159.83712920758876,0.025257070228886302,0.47025056888998296,121.15381736715565,213.27947862750847,85.51800212433352
419,126.68955142597004,0.1531199410045187,0.31353068984563587,109.20046289108677,117.13379663062184,49.69682728361798
420,143.74178888711833,0.03235790233251455,0.37147125228146577,118.75931818077078,201.2414832887922,83.34944975415368
421,167.15563787974264,0.025235468777311382,0.4776123516487637,109.99874396843497,208.41954574654358,84.50073948090991
422,192.58929904225354,0.00575217285671254,0.7026435404767655,470.27926425696,506.15423875294044,250.65843521603387
423,170.73515844801744,0.007130839500305921,0.5652543167600084,45.92065811372498,64.96079998870151,24.83483413226793
424,134.2047077255105,0.2083521583565294,0.3723458750386988,138.9812287175332,125.2709875378938,57.90264902921186
425,190.94694054136082,0.005903350813142222,0.6126836060973407,76.21861458264614,193.29481639804277,72.40039408854284
426,146.40994151493334,0.024303260554315156,0.3975006502054925,56.14508038763975,71.03220729570562,30.303587307750448
427,113.06262843384536,0.23830176833080707,0.26143486930492926,1052.3851886357998,858.2802262650941,443.51775649231587
428,107.50862102205926,0.0704532520839113,0.11084044882666048,740.7411603538093,676.0973104323934,353.15216630292946
429,184.80770204388926,0.005288226313970549,0.6897043781539796,390.8989014656926,513.9380075856404,221.82676685352556
430,133.77093040908164,0.07288987076653555,0.29907371594236587,928.7062314567379,802.4737939313704,410.59469051988196
431,121.2320466162203,0.11767685455985988,0.30642491614592493,288.0861485016952,300.24068832498216,123.28683890948761
432,133.94796783548637,0.029298953009059374,0.30659598777424973,501.6698322696906,578.618148834214,269.6481378074125
433,141.5803997534387,0.1061539377549098,0.4027542505000949,996.5544700075235,840.9344725907148,438.46099104591383
434,123.56892328889228,0.2211866408503314,0.30221388978696023,332.59982674452317,299.53893441998855,126.92950882428798
435,180.90647121105576,0.006068478494126754,0.606026127652451,94.4006123848668,203.18387792747302,72.50921867135463
436,136.8800673896019,0.0205978737181136,0.33749782826047264,86.50172788730663,177.28121705732684,59.952719779279676
437,160.05449656339692,0.026101101406392227,0.43936687549049547,97.96364992012167,175.2246226933895,62.90206953171234
438,125.54192472032912,0.26553157990272536,0.34530645374298113,358.7407870881507,352.66124075957055,147.7273145592543
439,126.66223186661585,0.2198497330164423,0.32976251709099147,358.08390872737675,318.6068757108658,121.18921233292966
440,235.16933747974343,0.0050511551822249225,0.7975469791391022,40.72428610556873,66.24536877640169,20.673033317849033
441,107.80184895649818,0.0693421135083263,0.1258709936528919,230.42836147708505,247.56117675208517,112.4240590265446
442,183.35781195876393,0.006511471218546764,0.6387365258457407,541.2737513052124,618.0980573033081,256.448066711182
443,194.7203131189749,0.005490919926496129,0.6982396161166597,62.531712064415004,130.4618662010499,43.79438410437376
444,162.17986282363051,0.0179636127416591,0.5296678969027946,516.8088915356005,525.0922941578466,251.72166953454348
445,133.19268275479476,0.21641083641788372,0.37195319253590026,1048.5095109374697,817.4676746516985,470.01391555813507
446,119.75621179643801,0.033733595208860725,0.17898798206623187,124.15878739832685,184.19594678269885,66.08574980689752
447,129.69007728817385,0.14587699614144253,0.3393236150311918,241.1432537031714,215.86340541451986,86.05894034770301
448,126.29869830281831,0.15283110692976387,0.3246014684569583,891.911376590978,759.2029227507212,373.67188275061835
449,117.98111478523975,0.046315629709223885,0.2025425279890485,665.344512779511,632.7479744531529,289.39780274802547
450,204.23625417661225,0.005699746478558067,0.7234169509373497,483.3666293630778,545.015567672935,244.10613650123526
451,140.11791178927024,0.0614869362138727,0.3829229118625776,682.6083271351388,664.8729196474114,311.988279195925
452,212.90694206045822,0.005367358849210195,0.7510804533209834,40.196224040464806,57.763285300989914,21.728658725026683
453,176.06688579042293,0.007377250617639789,0.5661939144110362,609.6587490618415,597.704428256842,266.10523819233634
454,170.49672922201034,0.007518196997248219,0.5427033186578698,82.22005471976213,167.7007510651736,58.720132753437724
455,171.8528648446059,0.006906819057694193,0.5980254428795292,115.5896605982818,208.34786669215615,77.12892217438994
456,211.44708812987938,0.005691710643281339,0.738374073489751,58.55726012303779,166.84646281980753,54.56544274838008
457,118.661180257746,0.1524390541521485,0.24436906965934335,98.61374484287214,106.99335019232183,39.35233363307199
458,134.4224063551983,0.07578352860021809,0.3711855590638921,214.96004315574356,240.06149892659147,95.69287608521384
459,151.13507068833835,0.008531117888178699,0.4394201787230819,76.74248431987056,160.13272825194701,61.7105686432982
460,110.03098368339927,0.2192730513790559,0.23313656254470239,128.1777980017114,113.94178688998497,55.191778268941334
461,155.4351639154132,0.029028495352752356,0.4231448736372724,104.9437827724196,179.71317814391927,66.80617587382773
462,172.6447779390914,0.007795747623242455,0.563673649177024,85.8739702647436,141.3664380174109,49.310053247791295
463,199.66469020200893,0.005679679739599445,0.6973614389112275,87.43314113395965,196.01461686371778,68.68861793046695
464,137.2056297125677,0.06514796791880503,0.36943397713522036,126.35070463657934,156.60054759115505,59.6274039923363
465,191.43972209390859,0.005757448454345616,0.7093384571739842,321.51060349265464,501.9244991245978,214.27395029151313
466,138.84997669978347,0.09873889133543118,0.3945335975097153,143.3394156808249,152.35103962295247,62.81897028184576
467,119.93360541048105,0.11820845786437315,0.2574674261106747,1027.2707577392077,827.7002167202027,442.81831335686695
468,162.2965499049989,0.010493929257563902,0.48015568015350596,74.4832727308304,131.45684077376083,49.92204956470281
469,127.20747332779567,0.11262930506455368,0.3120007847706729,102.95328530616416,106.44279405948495,42.570425800950375
470,136.68844793735298,0.039251519707890696,0.34321867561722097,413.17342853282304,549.4007804997464,266.6643158024747
471,122.5272514323772,0.2431259405859127,0.30383524860280986,135.54915347577136,117.78383012157036,55.13333543390732
472,144.567405113591,0.03905295200000038,0.34613448253550416,97.85322813877076,183.90092895705226,69.00235384784922
473,215.49029249082975,0.005455323240137869,0.7605201080330997,38.63986050520084,68.05037923753486,21.775378726075914
474,206.91124929937538,0.005086800095613582,0.7507295240543209,55.56696863884216,127.70764085181443,43.84092947510221
475,172.93460402447658,0.005905351335047825,0.5516451750659144,64.68758943221857,126.38511133157218,45.82894243289899
476,142.5629400802097,0.07002862605369611,0.35276267409506534,737.7803364567989,714.8748533994425,330.45256644853237
477,79.16293320548763,0.23306660722875877,0.09561602710671933,334.38204091962166,316.57854503801684,129.40241557383075
478,215.59471257176776,0.005736801013897481,0.7446923565553161,54.55886153072759,171.14895436259567,55.74965101663109
479,130.7987145033731,0.14651317184923757,0.34104828797820386,1033.95145611276,810.0123187830097,455.89447458570044
480,88.97600483712944,0.2024217158022344,0.07761467181610826,127.14518442516685,128.16343080695768,52.34177731679644
481,171.9645999448665,0.0165428809833247,0.4904775529751708,538.8500186679348,508.3511072490463,248.146657827929
482,115.95161225086173,0.2166186279119116,0.3288505290648487,234.86196954427572,198.96667096343168,86.16226274108853
483,132.337500154498,0.08125468578472533,0.33067824360077414,238.80332820078553,248.5512153195689,104.20231449728284
484,135.31729433873187,0.027823835680222286,0.3326158749520858,654.5561690007454,662.322425061903,299.65701293977145
485,122.02506293505996,0.16286869092907946,0.3292732213004495,125.13621456841503,121.39961084092721,48.03230398720238
486,193.78675642615656,0.0060621412529626665,0.6712236659528279,105.96423618937563,211.26255193777268,72.4932910894953
487,129.81968257268855,0.14291078138662244,0.35809970126006463,102.46625563461609,96.87640726092101,40.075604067975426
488,128.19522139343752,0.04027083483485378,0.2743887796164993,614.6610498285921,652.1959767731591,308.4044601687944
489,169.2706984226391,0.007360619268646978,0.5658536796114289,46.83571480594517,56.67776552105798,24.68190767924286
490,181.17538912024145,0.006138383460753459,0.6552464044601054,94.84708714555268,201.6646892979511,70.02073899342987
491,194.46807331675524,0.005132517835441436,0.7260777983835313,340.35997574723774,486.1337758402915,197.76888953430387
